<?xml version="1.0" encoding="UTF-8"?>
<TextFlow fontSize="14" paddingRight="20" paddingLeft="20" xmlns="http://ns.adobe.com/textLayout/2008">
<p><span fontWeight="bold">Part B</span></p>
<p></p>
<p>Time: 12 minutes</p>
<p>15 questions</p>
<p></p>
<p>ON THE ACTUAL SAT SUBJECT TEST IN CHEMISTRY, THE FOLLOWING TYPE OF QUESTION MUST BE ANSWERED ON A SPECIAL SECTION (LABELED "CHEMISTRY") AT THE LOWER LEFT-HAND CORNER OF YOUR ANSWER SHEET. THESE QUESTIONS ARE NUMBERED 101&#8211;115. USE THE FOLLOWING DIRECTIONS TO ANSWER THEM.</p>
<p></p>
<p><span fontWeight="bold">Directions:</span> Every question in this part contains two statements, I in the left-hand column and II in the right-hand column. For each question, decide if statement I is true or false <span textDecoration="underline">and</span> whether statement II is true or false, and click on the corresponding T or F ovals in the answer block. <span textDecoration="underline">*Click on oval CE only if statement II is a correct explanation of TRUE statement I.</span> The diagram below is a <span fontWeight="bold">Sample Answer Grid</span> as it appears on the actual test:</p>
<p></p>
<p>CHEMISTRY *Choose the oval CE only if II is a correct explanation of I</p>
<p textAlign="center"><img source="assets/images/tftable_example.swf"/></p>
<p></p>
<p><span fontWeight="bold">Note:</span> For all questions involving solutions, you should assume that the solvent is water unless otherwise noted. You can access the Periodic Table and a list of abbreviations by clicking on <span fontWeight="bold">References</span> at the top right of the screen.</p>
<p></p>
<p><span fontWeight="bold">Reminder: You may not use a calculator on this test!</span></p>
</TextFlow>