<?xml version="1.0" encoding="UTF-8"?>
<TextFlow fontSize="14" paddingRight="20" paddingLeft="20" xmlns="http://ns.adobe.com/textLayout/2008">
<p><span fontWeight="bold">Part A</span></p>
<p></p>
<p>Time: 17 minutes</p>
<p>24 questions</p>
<p></p>
<p><span fontWeight="bold">Directions:</span> Every set of the given lettered choices in this part refers to the numbered statements or formulas that immediately follow it. Choose the one lettered choice that best fits each statement or answers the question; then click on the corresponding letter. Each choice may be used once, more than once, or not at all in each set.</p>
<p></p>
<p><span fontWeight="bold">Note:</span> For all questions involving solutions, you should assume that the solvent is water unless otherwise noted. You can access the Periodic Table and a list of abbreviations by clicking on <span fontWeight="bold">References</span> at the top right of the screen.</p>
<p></p>
<p><span fontWeight="bold">Reminder: You may not use a calculator on this test!</span></p>
</TextFlow>