<?xml version="1.0" encoding="UTF-8"?>
<TextFlow fontSize="14" paddingRight="20" paddingLeft="20" xmlns="http://ns.adobe.com/textLayout/2008">
<p><span fontWeight="bold">Part C</span></p>
<p></p>
<p>Time: 31 minutes</p>
<p>45 questions</p>
<p></p>
<p><span fontWeight="bold">Directions:</span> Every question or incomplete statement in this part is followed by five suggested answers or completions. Choose the one that is best and then click on the corresponding letter to answer the question.</p>
<p></p>
<p><span fontWeight="bold">Note:</span> For all questions involving solutions, you should assume that the solvent is water unless otherwise noted. You can access the Periodic Table and a list of abbreviations by clicking on <span fontWeight="bold">References</span> at the top right of the screen.</p>
<p></p>
<p><span fontWeight="bold">Reminder: You may not use a calculator on this test!</span></p>
</TextFlow>