<?xml version="1.0" encoding="UTF-8"?>
<barrons:help xmlns:barrons="http://ns.barronseduc.com/cds/">
<![CDATA[
<TextFlow fontFamily="Arial" fontSize="16" paddingTop="5" paddingBottom="5" whiteSpaceCollapse="preserve" xmlns="http://ns.adobe.com/textLayout/2008">
<p><span fontSize="18" fontWeight="bold">Help Topics</span></p>
<p></p>
<p><span fontSize="16" fontWeight="bold">General Navigation</span></p>
<p>This CD can be navigated using the labeled buttons in the menu. Place the cursor over a button, click and release, and the section you requested will start to load. The button at the lower left labeled <span fontWeight="bold">Jump to Question</span> allows you to go to any question from any section in the exam. This option is available in Practice Mode only. You can return to the <span fontWeight="bold">Main Menu</span> at any time.
</p>
<p></p>
<p><span fontSize="16" fontWeight="bold">Examinations</span></p>
<p>This CD contains two practice tests. You have a choice of timed and untimed (practice) modes for each test, which you select by clicking the appropriate button. In practice mode, you can view the answers for each question as you proceed. You can pause timed mode, if desired. </p>
<p></p>
<p>To select an answer to a multiple-choice question, click the button of the appropriate answer choice. If you want to change your answer, click again on the answer choice button to clear it or click on another answer choice. You can see correct answers to questions when using practice mode (untimed) by clicking on the <span fontWeight="bold">Show Answer</span> button. If you are unsure of your answer and wish to review the question later, click <span fontWeight="bold">Mark</span>. Once you have completed a section, you will be given the opportunity to review all marked questions.</p>
<p></p>
<p>For the relationship analysis questions, click directly onto the ovals in the answer grid. If you want to change your answer, simply click on the other oval.</p>
<p></p>
<p>Throughout the test, you can access reference information by clicking on <span fontWeight="bold">References</span> at the top right of the screen. You are provided with a periodic table and a list of abbreviations.</p>
<p></p>
<p>The model examinations are in the format of a complete test. Once you begin taking a test, it is to your benefit to complete it without closing the application. However, If you must close the application during practice mode, you will be able to return to where you left off. If you close the application during timed mode, you will need to start the exam from the beginning.
</p>
<p></p>
<p>After completing the test, you will see a button labeled <span fontWeight="bold">View Results</span>. When you click the button, you will be presented with an answer key on the left and a calculation of your score on the right. You can then use the score conversion chart to find your approximate SAT Subject Test score. Each answer in the answer key can be clicked on to open the answer explanation window. You are also provided with a diagnostic chart that outlines the various topics covered on the test and tallies which questions you answered correctly within those topics. 
</p>
<p></p>
<p><span fontSize="16" fontWeight="bold">System Requirements</span></p><p><span>This CD is intended to run on systems meeting the minimum requirements below.</span></p>
<p paragraphSpaceBefore="10"><span fontSize="12" fontWeight="bold">Windows</span></p>
<p><span>Intel® Pentium® II 450MHz, AMD Athlon® 600MHz or faster processor (or equivalent)</span></p>
<p><span>Windows XP, Vista, Windows 7</span></p>
<p><span>128 MB of available RAM</span></p>
<p><span>CD-ROM drive</span></p>
<p><span>1024 x 768 color display</span></p>
<p paragraphSpaceBefore="10" marginTop="5"><span fontSize="12" fontWeight="bold">Macintosh</span></p>
<p><span>Intel Core™ Duo 1.33GHz or faster processor</span></p><p><span>MAC OS X 10.4 or higher</span></p>
<p><span>CD-ROM drive</span></p><p><span>1024 x 768 color display</span></p></TextFlow>
]]>

</barrons:help>