<test>
  <section skipIntro="true" useReferences="true">
    <title><![CDATA[PART A]]></title>
	<mode type="practice" time="1020" actualtime="1020" numquestions="25" actualnumquestions="25" screentype="merge" />
	<questionGroup title="PART A" start="1" type="mc" endScreen="false">
	<directions src="assets/directions/part_a.xml"></directions>
	  <questions>
	    <question src="assets/test2/p1/question01.xml" />
		<question src="assets/test2/p1/question02.xml" />
		<question src="assets/test2/p1/question03.xml" />
		<question src="assets/test2/p1/question04.xml" />
		<question src="assets/test2/p1/question05.xml" />
		<question src="assets/test2/p1/question06.xml" />
		<question src="assets/test2/p1/question07.xml" />
		<question src="assets/test2/p1/question08.xml" />
		<question src="assets/test2/p1/question09.xml" />
		<question src="assets/test2/p1/question10.xml" />
		<question src="assets/test2/p1/question11.xml" />
		<question src="assets/test2/p1/question12.xml" />
		<question src="assets/test2/p1/question13.xml" />
		<question src="assets/test2/p1/question14.xml" />
		<question src="assets/test2/p1/question15.xml" />
		<question src="assets/test2/p1/question16.xml" />
		<question src="assets/test2/p1/question17.xml" />
		<question src="assets/test2/p1/question18.xml" />
		<question src="assets/test2/p1/question19.xml" />
		<question src="assets/test2/p1/question20.xml" />
		<question src="assets/test2/p1/question21.xml" />
		<question src="assets/test2/p1/question22.xml" />
		<question src="assets/test2/p1/question23.xml" />
		<question src="assets/test2/p1/question24.xml" />
		<question src="assets/test2/p1/question25.xml" />
	  </questions>
	</questionGroup>
	<end_screen><![CDATA[<TextFlow xmlns="http://ns.adobe.com/textLayout/2008">
	<p textAlign="center"><span fontWeight="bold">End of Part A</span></p>
	<p></p>
	<p>Choose one of the options below to review Part A.</p>
	<p></p>
	<p>Click <span fontWeight="bold">Continue</span> to go on to Part B.</p>
	</TextFlow>]]>
	</end_screen>
  </section>
  
  <section skipIntro="true" useReferences="true">
    <title><![CDATA[PART B]]></title>
	<mode type="practice" time="720" actualtime="720" numquestions="15" actualnumquestions="15" screentype="merge" />
	<questionGroup title="PART B" start="101" type="tftable" endScreen="false">
	<directions src="assets/directions/part_b.xml"></directions>
	  <questions>
		<question src="assets/test2/p2/question101.xml" />
		<question src="assets/test2/p2/question102.xml" />
		<question src="assets/test2/p2/question103.xml" />
		<question src="assets/test2/p2/question104.xml" />
		<question src="assets/test2/p2/question105.xml" />
		<question src="assets/test2/p2/question106.xml" />
		<question src="assets/test2/p2/question107.xml" />
		<question src="assets/test2/p2/question108.xml" />
		<question src="assets/test2/p2/question109.xml" />
		<question src="assets/test2/p2/question110.xml" />
		<question src="assets/test2/p2/question111.xml" />
		<question src="assets/test2/p2/question112.xml" />
		<question src="assets/test2/p2/question113.xml" />
		<question src="assets/test2/p2/question114.xml" />
		<question src="assets/test2/p2/question115.xml" />
	  </questions>
	</questionGroup>
	<end_screen><![CDATA[<TextFlow xmlns="http://ns.adobe.com/textLayout/2008">
	<p textAlign="center"><span fontWeight="bold">End of Part B</span></p>
	<p></p>
	<p>Choose one of the options below to review Part B.</p>
	<p></p>
	<p>Click <span fontWeight="bold">Continue</span> to go on to Part C.</p>
	</TextFlow>]]>
	</end_screen>
  </section>
  
  <section skipIntro="true" useReferences="true">
    <title><![CDATA[PART C]]></title>
	<mode type="practice" time="1860" actualtime="1860" numquestions="45" actualnumquestions="45" screentype="merge" />
	<questionGroup title="PART C" start="26" type="mc" endScreen="false">
	<directions src="assets/directions/part_c.xml"></directions>
	  <questions>
		<question src="assets/test2/p3/question26.xml" />
		<question src="assets/test2/p3/question27.xml" />
		<question src="assets/test2/p3/question28.xml" />
		<question src="assets/test2/p3/question29.xml" />
		<question src="assets/test2/p3/question30.xml" />
		<question src="assets/test2/p3/question31.xml" />
		<question src="assets/test2/p3/question32.xml" />
		<question src="assets/test2/p3/question33.xml" />
		<question src="assets/test2/p3/question34.xml" />
		<question src="assets/test2/p3/question35.xml" />
		<question src="assets/test2/p3/question36.xml" />
		<question src="assets/test2/p3/question37.xml" />
		<question src="assets/test2/p3/question38.xml" />
		<question src="assets/test2/p3/question39.xml" />
		<question src="assets/test2/p3/question40.xml" />
		<question src="assets/test2/p3/question41.xml" />
		<question src="assets/test2/p3/question42.xml" />
		<question src="assets/test2/p3/question43.xml" />
		<question src="assets/test2/p3/question44.xml" />
		<question src="assets/test2/p3/question45.xml" />
		<question src="assets/test2/p3/question46.xml" />
		<question src="assets/test2/p3/question47.xml" />
		<question src="assets/test2/p3/question48.xml" />
		<question src="assets/test2/p3/question49.xml" />
		<question src="assets/test2/p3/question50.xml" />
		<question src="assets/test2/p3/question51.xml" />
		<question src="assets/test2/p3/question52.xml" />
		<question src="assets/test2/p3/question53.xml" />
		<question src="assets/test2/p3/question54.xml" />
		<question src="assets/test2/p3/question55.xml" />
		<question src="assets/test2/p3/question56.xml" />
		<question src="assets/test2/p3/question57.xml" />
		<question src="assets/test2/p3/question58.xml" />
		<question src="assets/test2/p3/question59.xml" />
		<question src="assets/test2/p3/question60.xml" />
		<question src="assets/test2/p3/question61.xml" />
		<question src="assets/test2/p3/question62.xml" />
		<question src="assets/test2/p3/question63.xml" />
		<question src="assets/test2/p3/question64.xml" />
		<question src="assets/test2/p3/question65.xml" />
		<question src="assets/test2/p3/question66.xml" />
		<question src="assets/test2/p3/question67.xml" />
		<question src="assets/test2/p3/question68.xml" />
		<question src="assets/test2/p3/question69.xml" />
		<question src="assets/test2/p3/question70.xml" />
	  </questions>
	</questionGroup>
	<end_screen><![CDATA[<TextFlow xmlns="http://ns.adobe.com/textLayout/2008">
	<p textAlign="center"><span fontWeight="bold">End of Part C</span></p>
	<p></p>
	<p>Choose one of the options below to review Part C.</p>
	<p></p>
	<p>Click <span fontWeight="bold">View Results</span> to get your scores.</p>
	</TextFlow>]]>
	</end_screen>
  </section>
</test>