<?xml version="1.0" encoding="UTF-8"?>
<!-- 
This file is used to populate a menu of reference items that can be used during the tests to display content in a popup RichText component

Each menu item leaf should have a file attribute that references a TLF formatted XML file to be displayed.

 -->
 <!-- sample one, multiple reference items -->
<menuItems>
		<menuitem label="References" typical="0">
		     <menuitem label="Periodic Table" file="assets/references/periodictable.xml" percentHeight=".9" percentWidth=".9"/>
		     <menuitem label="Abbreviations"  file="assets/references/abbreviations.xml"/>
		 </menuitem>
</menuItems>
		
		
<!-- sample two, one reference item -->
<!--<menuItems>-->
<!--		<menuitem label="References"  file="assets/terms.xml">-->
<!--		 </menuitem>-->
<!--</menuItems>-->