<?xml version="1.0" encoding="UTF-8"?>
<TextFlow  whiteSpaceCollapse="collapse" version="3.0.0" xmlns="http://ns.adobe.com/textLayout/2008" paddingBottom="2" paddingLeft="2" paddingRight="2" paddingTop="2" >
<!--<p breakOpportunity="none">
<span fontStyle="italic">T</span><span> = temperature</span>				<span fontStyle="italic">M</span><span>= molar</span>

</p>-->
<p></p>
<p paragraphStartIndent="14" tabStops="s50 s100" breakOpportunity="none"><span fontStyle="italic">H</span><tab/>=<tab/><span>enthalpy</span></p>
<p paragraphStartIndent="14" tabStops="s50 s100" breakOpportunity="none"><span fontStyle="italic">M</span><tab/>=<tab/><span>molar</span></p>
<p paragraphStartIndent="14" tabStops="s50 s100" breakOpportunity="none"><span fontStyle="italic">n</span><tab/>=<tab/><span>number of moles</span></p>
<p paragraphStartIndent="14" tabStops="s50 s100" breakOpportunity="none"><span fontStyle="italic">P</span><tab/>=<tab/><span>pressure</span></p>
<p paragraphStartIndent="14" tabStops="s50 s100" breakOpportunity="none"><span fontStyle="italic">R</span><tab/>=<tab/><span>molar gas constant</span></p>
<p paragraphStartIndent="14" tabStops="s50 s100" breakOpportunity="none"><span fontStyle="italic">S</span><tab/>=<tab/><span>entropy</span></p>
<p paragraphStartIndent="14" tabStops="s50 s100" breakOpportunity="none"><span fontStyle="italic">T</span><tab/>=<tab/><span>temperature</span></p>
<p paragraphStartIndent="14" tabStops="s50 s100" breakOpportunity="none"><span fontStyle="italic">V</span><tab/>=<tab/><span>volume</span></p>


<p paragraphStartIndent="14" tabStops="s50 s100" breakOpportunity="none"><span>atm</span><tab/>=<tab/><span>atmosphere(s)</span></p>
<p paragraphStartIndent="14" tabStops="s50 s100" breakOpportunity="none"><span fontStyle="italic">g</span><tab/>=<tab/><span>gram(s)</span></p>
<p paragraphStartIndent="14" tabStops="s50 s100" breakOpportunity="none"><span>J</span><tab/>=<tab/><span>joule(s)</span></p>
<p paragraphStartIndent="14" tabStops="s50 s100" breakOpportunity="none"><span>kJ</span><tab/>=<tab/><span>kilojoule(s)</span></p>
<p paragraphStartIndent="14" tabStops="s50 s100" breakOpportunity="none"><span>L</span><tab/>=<tab/><span>liter(s)</span></p>
<p paragraphStartIndent="14" tabStops="s50 s100" breakOpportunity="none"><span>mL</span><tab/>=<tab/><span>milliliter(s)</span></p>
<p paragraphStartIndent="14" tabStops="s50 s100" breakOpportunity="none"><span>mm</span><tab/>=<tab/><span>milliometer(s)</span></p>
<p paragraphStartIndent="14" tabStops="s50 s100" breakOpportunity="none"><span>V</span><tab/>=<tab/><span>volt(s)</span></p>
</TextFlow>
